name,email,year,month,day
Batata,batatinhauiuiaiai@gmail.com, 2000,02,15
Marcia,marciauiuiaiai@yahoo.com, 2000,03,25
Juliana,julianauiuiaiai@gmail.com, 2000,02,20
Mateus,mateusuiuiaiai@yahoo.com, 2000,04,10
Julia,juliauiuiaiai@gmail.com, 2000,04,01
Felipe,felipeuiuiaiai@yahoo.com, 2000,14,10
David,daviduiuiaiai@gmail.com, 2000,07,02